Score0,Score1,Score2,Score3,Score4,Score5,Score6,Score7,Score8,Score9,Score10,Score11,Score12,Score13,Score14,Score15,SpendTime
1.0000,0.7769,0.8919,0.9446,0.7308,0.2475,0.1724,0.5447,0.6843,0.1906,0.8085,0.4650,0.5883,0.2525,0.3618,0.5656,4.4552
1.0000,0.7579,0.8810,0.9539,0.7122,0.2310,0.1595,0.5162,0.6682,0.1691,0.7980,0.4455,0.5671,0.2281,0.3402,0.5486,2.3764
1.0000,0.7573,0.8738,0.9540,0.6837,0.2394,0.1546,0.4968,0.6398,0.1460,0.7835,0.4313,0.5358,0.2042,0.3386,0.5551,2.1966
1.0000,0.8369,0.9212,0.9540,0.6702,0.2959,0.2118,0.5685,0.6160,0.1843,0.7676,0.4293,0.5316,0.2435,0.3588,0.6324,2.2073
1.0000,0.9018,0.9266,0.9393,0.6528,0.3518,0.2677,0.6140,0.5946,0.2087,0.7630,0.4528,0.5191,0.2724,0.4030,0.6972,2.1883
0.6649,1.0000,0.5799,0.4740,0.2732,0.3571,0.2380,0.5840,0.1903,0.1134,0.4537,0.3101,0.2183,0.2184,0.2482,0.7296,2.1826
0.5542,1.0000,0.4670,0.3631,0.1600,0.3793,0.2542,0.5225,0.0787,0.1585,0.3267,0.2987,0.1345,0.2654,0.2712,0.7534,2.3251
0.5787,1.0000,0.4774,0.3962,0.1495,0.4036,0.2913,0.4683,0.0718,0.2024,0.3202,0.3289,0.1208,0.2966,0.2888,0.7617,2.3737
0.6200,1.0000,0.5266,0.4361,0.1604,0.3186,0.1956,0.4684,0.0802,0.0678,0.3414,0.2509,0.1117,0.1807,0.2546,0.7092,2.1853
0.6234,1.0000,0.5303,0.4270,0.1740,0.3208,0.1990,0.4778,0.0942,0.0630,0.3687,0.2540,0.1221,0.1764,0.2079,0.7060,2.1831
0.7695,0.5113,1.0000,0.7829,0.4590,0.0748,0.0680,0.3655,0.4837,0.0224,0.6272,0.2353,0.4022,0.0712,0.0984,0.3510,2.2306
0.8100,0.5618,1.0000,0.8007,0.4808,0.1072,0.0887,0.3933,0.4951,0.0347,0.6522,0.2586,0.4126,0.0880,0.1366,0.4005,2.1892
0.8065,0.5408,1.0000,0.8130,0.4979,0.0932,0.0817,0.3875,0.5266,0.0431,0.6453,0.2533,0.4239,0.0943,0.1357,0.3668,2.2025
0.8823,0.7244,1.0000,0.8442,0.5389,0.2773,0.2365,0.5246,0.5347,0.1353,0.7645,0.4012,0.4801,0.1930,0.2933,0.6001,2.2335
0.8168,0.5341,1.0000,0.8370,0.5194,0.0879,0.0813,0.3860,0.5503,0.0522,0.6564,0.2516,0.4404,0.1026,0.1316,0.3480,2.1824
0.8388,0.5465,0.8796,1.0000,0.5769,0.0776,0.0674,0.3477,0.5831,0.0514,0.7055,0.2662,0.4487,0.1020,0.1586,0.3748,2.3962
0.8719,0.5872,0.9087,1.0000,0.5726,0.1191,0.1042,0.3788,0.5778,0.0667,0.6942,0.2784,0.4376,0.1176,0.1841,0.4183,2.1805
0.9265,0.6519,0.9899,1.0000,0.6061,0.1938,0.1823,0.4528,0.6148,0.1273,0.7325,0.3263,0.4762,0.1780,0.2323,0.4877,2.1991
0.8762,0.5673,0.9215,1.0000,0.5893,0.1020,0.1064,0.3629,0.6038,0.0822,0.7150,0.2911,0.4632,0.1267,0.1755,0.3857,2.1848
0.9159,0.6474,0.9167,1.0000,0.5763,0.1796,0.1407,0.4145,0.5669,0.0836,0.7172,0.3250,0.4396,0.1369,0.2416,0.5047,2.2316
0.7709,0.4709,0.8088,0.7610,0.9881,0.3009,0.2485,0.5914,0.9350,0.4314,1.0000,0.4873,0.9461,0.5679,0.2922,0.3188,2.1800
0.5133,0.2605,0.5261,0.5028,1.0000,0.3042,0.1810,0.4614,0.9313,0.4708,0.6236,0.2421,0.8096,0.6110,0.2244,0.1234,2.1847
0.6980,0.4423,0.7069,0.6622,1.0000,0.2773,0.1956,0.5570,0.8991,0.3965,0.9161,0.4566,0.9239,0.5572,0.2760,0.2770,2.3032
0.5031,0.2194,0.5061,0.4833,1.0000,0.2575,0.1504,0.4181,0.9171,0.4348,0.6172,0.2114,0.7904,0.5664,0.1719,0.0798,2.2131
0.6971,0.4820,0.7140,0.6726,1.0000,0.2870,0.2033,0.5756,0.8810,0.3901,0.9316,0.4990,0.9362,0.5591,0.3107,0.3226,2.1872
0.2163,0.4650,0.2374,0.0675,0.3167,1.0000,0.8628,0.6868,0.3148,0.6952,0.2410,0.4262,0.4280,0.7285,0.2219,0.6623,2.1810
0.1886,0.4477,0.2077,0.0417,0.2876,1.0000,0.8455,0.6522,0.2873,0.6747,0.2199,0.4282,0.4034,0.7071,0.2142,0.6521,2.2739
0.1914,0.4931,0.2040,0.0763,0.2685,1.0000,0.8722,0.6403,0.2653,0.6942,0.2369,0.5200,0.4004,0.7262,0.2620,0.7189,2.1800
0.1792,0.4543,0.1953,0.0506,0.2763,1.0000,0.8796,0.6238,0.2842,0.7061,0.2266,0.5027,0.3971,0.7178,0.2463,0.6673,2.1769
0.1819,0.4387,0.2050,0.0466,0.3016,1.0000,0.8972,0.6285,0.3198,0.7408,0.2309,0.4952,0.4142,0.7347,0.2453,0.6396,2.1791
0.2030,0.4526,0.2540,0.0975,0.2286,0.9513,1.0000,0.5959,0.2758,0.7373,0.2585,0.6149,0.3450,0.6795,0.2507,0.6521,2.4112
0.1971,0.4527,0.2537,0.0950,0.2343,0.9476,1.0000,0.6010,0.2789,0.7330,0.2481,0.6048,0.3518,0.6823,0.2399,0.6536,2.1837
0.1707,0.4050,0.2341,0.0719,0.2088,0.9154,1.0000,0.5697,0.2676,0.7200,0.2080,0.5648,0.3197,0.6499,0.2049,0.5978,2.1757
0.1461,0.3722,0.2093,0.0467,0.1994,0.8882,1.0000,0.5521,0.2644,0.7198,0.1824,0.5291,0.3073,0.6372,0.1659,0.5617,2.2317
0.1412,0.3478,0.2175,0.0504,0.2172,0.8722,1.0000,0.5516,0.2910,0.7301,0.1669,0.4925,0.3153,0.6396,0.1441,0.5345,2.1769
0.4932,0.8717,0.4850,0.2847,0.4175,0.7420,0.5864,1.0000,0.3553,0.5490,0.4514,0.3443,0.5286,0.6585,0.3757,0.8396,2.1787
0.4385,0.5272,0.4761,0.2872,0.4413,0.5480,0.4435,1.0000,0.3997,0.4559,0.4446,0.1840,0.5353,0.5335,0.1200,0.5111,2.1829
0.3979,0.6110,0.4105,0.2193,0.3946,0.6030,0.4760,1.0000,0.3403,0.4810,0.4040,0.1803,0.5137,0.5701,0.1486,0.5828,2.6183
0.5971,0.9469,0.5972,0.3941,0.5228,0.8970,0.7562,1.0000,0.4919,0.6749,0.5564,0.5020,0.6170,0.7886,0.5198,0.9510,2.5510
0.6160,0.9921,0.6059,0.4242,0.5034,0.9042,0.7449,0.9568,0.4588,0.6936,0.5390,0.5019,0.5992,0.8177,0.6178,1.0000,2.2154
0.7614,0.3528,0.7752,0.7345,0.9352,0.2600,0.2581,0.4811,1.0000,0.4449,0.8121,0.3351,0.8019,0.5046,0.2341,0.1725,2.1906
0.5556,0.2155,0.6102,0.5538,0.8635,0.2690,0.2588,0.4190,1.0000,0.4851,0.6515,0.2296,0.7600,0.5284,0.1832,0.0759,2.1814
0.5734,0.2449,0.5786,0.5617,0.9288,0.2434,0.1822,0.4159,1.0000,0.4453,0.6520,0.2201,0.7600,0.5145,0.1849,0.0752,2.1768
0.5625,0.2482,0.5656,0.5472,0.9645,0.2694,0.1922,0.4334,1.0000,0.4682,0.6505,0.2296,0.7894,0.5531,0.1988,0.0924,2.2011
0.7069,0.3324,0.6961,0.6956,0.9650,0.2367,0.1926,0.4550,1.0000,0.4301,0.7639,0.2936,0.7852,0.4924,0.2126,0.1431,2.3181
0.1402,0.3062,0.2035,0.0470,0.5015,0.7028,0.7196,0.5840,0.5651,1.0000,0.2989,0.3414,0.5732,0.8090,0.2495,0.4167,2.6628
0.1412,0.2847,0.2045,0.0401,0.4333,0.7268,0.7640,0.5958,0.5105,1.0000,0.2496,0.3462,0.5080,0.7603,0.2166,0.4097,2.2539
0.1371,0.3039,0.2028,0.0488,0.4796,0.7171,0.7429,0.5806,0.5522,1.0000,0.2818,0.3441,0.5500,0.8103,0.2308,0.4224,2.1978
0.1451,0.3045,0.2066,0.0424,0.4347,0.7410,0.7732,0.6027,0.5080,1.0000,0.2560,0.3667,0.5124,0.7625,0.2341,0.4275,2.1811
0.1568,0.2972,0.2230,0.0596,0.4430,0.7529,0.7943,0.6113,0.5241,1.0000,0.2588,0.3573,0.5165,0.7867,0.2152,0.4291,2.1844
0.6247,0.3999,0.6808,0.6007,0.6105,0.1321,0.0871,0.3871,0.5320,0.1079,1.0000,0.5180,0.6939,0.2472,0.1934,0.2994,2.2003
0.6569,0.4643,0.6784,0.6547,0.6540,0.1466,0.0810,0.3650,0.5608,0.0921,1.0000,0.5056,0.6823,0.2229,0.2205,0.3429,2.1805
0.6752,0.4572,0.6973,0.6778,0.6705,0.1132,0.0633,0.3702,0.5862,0.1131,1.0000,0.4652,0.6861,0.2358,0.2075,0.3231,2.2471
0.5867,0.3532,0.6292,0.5805,0.6103,0.0773,0.0189,0.3484,0.5287,0.0860,1.0000,0.4287,0.6617,0.2254,0.1452,0.2375,2.2680
0.5872,0.3506,0.6393,0.5788,0.6292,0.0842,0.0258,0.3558,0.5503,0.1012,1.0000,0.4265,0.6839,0.2430,0.1504,0.2352,2.1895
0.2469,0.3049,0.2493,0.1108,0.2136,0.3420,0.4077,0.1952,0.1017,0.1566,0.4659,1.0000,0.3041,0.0731,0.3594,0.3213,2.1880
0.2265,0.2712,0.2565,0.0859,0.1772,0.3821,0.4347,0.2377,0.1042,0.1928,0.4607,1.0000,0.2950,0.1202,0.3455,0.3372,2.1821
0.2641,0.3078,0.2820,0.1292,0.1631,0.4901,0.5706,0.2714,0.0989,0.3175,0.4367,1.0000,0.2668,0.2039,0.3668,0.3706,2.1857
0.3893,0.4043,0.3971,0.2708,0.2562,0.5950,0.6985,0.3790,0.1760,0.4144,0.5371,1.0000,0.3520,0.2935,0.4280,0.4786,2.1829
0.3465,0.4751,0.3434,0.2169,0.2815,0.6505,0.7612,0.4213,0.2084,0.5565,0.4768,1.0000,0.3527,0.4047,0.5470,0.5083,2.3293
0.4064,0.2187,0.4966,0.3478,0.8379,0.5770,0.4649,0.6282,0.8324,0.6606,0.7822,0.4843,1.0000,0.7677,0.3785,0.3111,2.3089
0.4476,0.2281,0.5321,0.4088,0.9201,0.4201,0.3063,0.5925,0.8883,0.5423,0.7530,0.3879,1.0000,0.7360,0.3160,0.2124,2.1892
0.5086,0.3230,0.5945,0.4576,0.9511,0.5971,0.5013,0.7122,0.9679,0.7078,0.7738,0.4533,1.0000,0.8742,0.4724,0.3642,2.1894
0.4953,0.2744,0.5741,0.4618,0.9897,0.4703,0.3628,0.6023,1.0000,0.6310,0.6980,0.3053,0.9647,0.7845,0.3320,0.2302,2.1979
0.5037,0.2930,0.5908,0.4590,0.9374,0.5532,0.4590,0.6669,0.9688,0.6714,0.7850,0.4544,1.0000,0.8354,0.4273,0.3107,2.1901
0.1589,0.4072,0.2172,0.0655,0.5569,0.7773,0.6854,0.6313,0.5575,0.8277,0.3591,0.3251,0.6716,1.0000,0.3268,0.5451,2.1880
0.2719,0.4396,0.3328,0.1809,0.6855,0.7932,0.7829,0.7040,0.7124,1.0000,0.4776,0.4433,0.7745,0.9870,0.3538,0.5523,2.2746
0.2330,0.3660,0.2962,0.1377,0.6588,0.7484,0.6881,0.7064,0.6688,0.8813,0.4306,0.2879,0.7536,1.0000,0.2583,0.4703,2.3473
0.1768,0.3509,0.2336,0.0733,0.6061,0.7267,0.6391,0.6547,0.5927,0.8084,0.3921,0.2657,0.7246,1.0000,0.2676,0.4678,2.1848
0.2325,0.4001,0.2959,0.1403,0.6431,0.8018,0.7593,0.7027,0.6547,0.9616,0.4177,0.3595,0.7267,1.0000,0.3078,0.5152,2.1954
0.2484,0.4325,0.2506,0.1386,0.2594,0.3155,0.3288,0.2851,0.2358,0.3616,0.2995,0.5615,0.3309,0.3380,1.0000,0.4159,2.2076
0.2858,0.4347,0.2870,0.1489,0.3045,0.3080,0.2707,0.3032,0.2928,0.3044,0.3408,0.5707,0.3624,0.3472,1.0000,0.4103,2.1903
0.3617,0.3988,0.3644,0.2141,0.3649,0.3058,0.3004,0.3032,0.3598,0.3174,0.4127,0.6280,0.4039,0.3547,1.0000,0.3630,2.1927
0.3039,0.4169,0.2931,0.1613,0.2913,0.2635,0.2499,0.2732,0.2687,0.2590,0.3458,0.5582,0.3212,0.3019,1.0000,0.3691,2.2241
0.2832,0.4521,0.2840,0.1629,0.3555,0.3351,0.2936,0.3477,0.3346,0.3372,0.3655,0.5612,0.4159,0.3962,1.0000,0.4313,2.4684
0.5974,0.9076,0.6642,0.4682,0.3510,0.7613,0.6282,0.8602,0.2859,0.4278,0.5495,0.4171,0.3989,0.5347,0.3651,1.0000,2.1947
0.6156,0.9250,0.6831,0.5040,0.3359,0.7223,0.5938,0.8266,0.2667,0.4012,0.5471,0.4010,0.3730,0.5088,0.3728,1.0000,2.1940
0.5543,0.8830,0.5909,0.4638,0.2200,0.6197,0.4892,0.6380,0.1509,0.2966,0.4581,0.3861,0.2362,0.4074,0.3492,1.0000,2.1914
0.7743,1.0000,0.8450,0.6589,0.4126,0.6555,0.5418,0.8310,0.3567,0.3230,0.6958,0.4441,0.4322,0.4143,0.3235,0.9661,2.1852
0.7227,0.9729,0.7853,0.5781,0.4637,0.7971,0.6786,0.9633,0.4019,0.4709,0.6563,0.4755,0.4979,0.5688,0.3819,1.0000,2.1774
1.0000,0.4799,0.5059,0.6135,0.1417,0.5427,0.4927,0.2982,0.3737,0.2886,0.2171,0.4732,0.3167,0.2539,0.6100,0.5888,7.3519
1.0000,0.5728,0.5844,0.7136,0.1915,0.5971,0.5963,0.3311,0.4319,0.3559,0.3496,0.4761,0.3452,0.3058,0.6398,0.6261,6.8766
1.0000,0.6333,0.6832,0.8083,0.2761,0.6714,0.6625,0.3819,0.4964,0.4246,0.3967,0.5377,0.4045,0.3398,0.6837,0.6449,6.9002
1.0000,0.6917,0.7521,0.8989,0.3844,0.8386,0.6937,0.4816,0.5659,0.6208,0.4263,0.7421,0.5461,0.4322,0.7603,0.6446,6.8416
1.0000,0.6372,0.6642,0.8676,0.3969,0.8015,0.6774,0.5307,0.4739,0.5970,0.3682,0.7357,0.5812,0.4113,0.7764,0.6170,6.8762
0.3284,1.0000,0.2311,0.3344,0.3972,0.3380,0.3465,0.4512,0.1717,0.3202,0.5839,0.4640,0.3480,0.1862,0.6101,0.4324,6.8190
0.4278,1.0000,0.2551,0.3784,0.4646,0.4224,0.3091,0.4110,0.3302,0.3117,0.6165,0.6796,0.3369,0.4429,0.7094,0.5397,6.8669
0.3358,1.0000,0.1989,0.2463,0.3442,0.4272,0.2582,0.4114,0.1416,0.2728,0.4705,0.5141,0.3406,0.3794,0.6269,0.5279,6.8054
0.5619,1.0000,0.4742,0.6098,0.5112,0.4224,0.4581,0.4181,0.3297,0.3120,0.7851,0.7268,0.4067,0.3195,0.7781,0.5621,6.8293
0.3552,1.0000,0.3069,0.4088,0.4099,0.3301,0.3570,0.4035,0.2211,0.2168,0.6724,0.5802,0.3418,0.2521,0.6294,0.4296,7.1349
0.6261,0.4564,1.0000,0.8280,0.2721,0.4273,0.5171,0.2031,0.3900,0.4886,0.4156,0.5288,0.1108,0.2219,0.4367,0.2995,6.8946
0.7021,0.5393,1.0000,0.8752,0.3379,0.4855,0.6653,0.3415,0.4215,0.5331,0.5148,0.6197,0.1665,0.3241,0.5591,0.3819,7.1212
0.6714,0.5102,1.0000,0.8660,0.2739,0.5040,0.5881,0.2922,0.4030,0.5085,0.4914,0.5782,0.1491,0.2704,0.4987,0.2889,6.8231
0.8879,0.7430,0.9901,1.0000,0.5021,0.6109,0.8835,0.5070,0.5458,0.5975,0.7210,0.7767,0.3816,0.5148,0.7491,0.5746,6.7965
0.5940,0.4184,1.0000,0.7930,0.2656,0.4253,0.5296,0.2380,0.4030,0.4834,0.4234,0.4753,0.1007,0.2467,0.4431,0.2771,6.8989
0.6095,0.4173,0.7011,1.0000,0.0943,0.3704,0.5489,0.2917,0.4944,0.5355,0.3746,0.4248,0.1261,0.2729,0.4401,0.2887,6.7850
0.5212,0.4016,0.5740,1.0000,0.0945,0.3703,0.5856,0.3274,0.5063,0.5644,0.3391,0.3634,0.1393,0.2363,0.4257,0.2532,7.0634
0.7779,0.6094,0.7758,1.0000,0.2038,0.5438,0.7019,0.5057,0.6400,0.5774,0.4406,0.5905,0.2822,0.3737,0.5881,0.4052,6.7849
0.6832,0.6236,0.7723,1.0000,0.1973,0.4649,0.7347,0.4709,0.5799,0.6243,0.5015,0.5770,0.2747,0.3400,0.5550,0.3921,6.7493
0.4833,0.4328,0.6889,1.0000,0.1685,0.4087,0.6291,0.3960,0.4816,0.6027,0.3960,0.4341,0.1517,0.2934,0.4630,0.2720,7.1495
0.3619,0.6195,0.4465,0.3742,1.0000,0.2900,0.5300,0.5011,0.4418,0.5982,0.9803,0.5197,0.5282,0.6252,0.6116,0.4950,6.7477
0.3071,0.5409,0.2579,0.1818,1.0000,0.3404,0.1988,0.3618,0.2348,0.2627,0.4852,0.5316,0.5569,0.3712,0.4773,0.6142,6.8905
0.2823,0.5625,0.3147,0.2290,1.0000,0.1513,0.3553,0.4055,0.4002,0.4415,0.7486,0.4971,0.5082,0.4719,0.5500,0.4984,6.7698
0.1969,0.4855,0.2334,0.1623,1.0000,0.2229,0.1860,0.3036,0.1643,0.1859,0.5418,0.4446,0.3897,0.3110,0.4100,0.4989,6.8698
0.2046,0.5252,0.2911,0.2263,1.0000,0.1348,0.2968,0.3955,0.3503,0.3838,0.7026,0.4548,0.5085,0.4380,0.5385,0.4982,6.7816
0.5746,0.6186,0.4449,0.4767,0.3383,1.0000,0.4689,0.6306,0.4952,0.5767,0.1924,0.6793,0.5505,0.4873,0.7571,0.6701,6.7540
0.5707,0.5528,0.3941,0.4579,0.2413,1.0000,0.4207,0.5453,0.4367,0.5274,0.1465,0.6064,0.4755,0.3901,0.6743,0.5973,6.8684
0.6176,0.4669,0.2054,0.4172,0.1916,1.0000,0.3669,0.5578,0.3114,0.4039,0.1221,0.4859,0.3907,0.2850,0.6187,0.6199,6.7519
0.6774,0.5117,0.4011,0.5687,0.2445,1.0000,0.5095,0.6017,0.4521,0.5032,0.1387,0.5450,0.3685,0.3880,0.6353,0.5573,6.8728
0.6470,0.5319,0.3995,0.5388,0.1854,1.0000,0.4778,0.5268,0.2954,0.4813,0.1279,0.4691,0.3573,0.2276,0.5534,0.5071,6.7463
0.4097,0.5022,0.4600,0.7364,0.4139,0.4461,1.0000,0.6500,0.2451,0.5286,0.7038,0.3760,0.3177,0.5561,0.5859,0.3503,6.8367
0.3791,0.4796,0.4351,0.6337,0.4247,0.4320,1.0000,0.6484,0.2349,0.4881,0.6773,0.3981,0.3375,0.5676,0.5760,0.3367,6.8509
0.5101,0.4509,0.4514,0.7161,0.3311,0.3907,1.0000,0.6807,0.2000,0.5201,0.6462,0.3772,0.2507,0.4632,0.5010,0.2617,6.8313
0.5446,0.5034,0.4527,0.7568,0.3277,0.4499,1.0000,0.7073,0.1943,0.5318,0.6173,0.3753,0.2582,0.4254,0.5363,0.3267,6.8520
0.5386,0.4533,0.4226,0.7086,0.2905,0.3438,1.0000,0.6989,0.1562,0.4881,0.5647,0.4133,0.2359,0.4125,0.4884,0.2236,6.7515
0.6557,0.6207,0.4113,0.5682,0.6515,0.7527,0.8058,1.0000,0.3069,0.6284,0.6641,0.6566,0.7524,0.6862,0.8157,0.7220,6.8343
0.6310,0.6507,0.3660,0.5851,0.6903,0.7642,0.7414,1.0000,0.2446,0.6255,0.6921,0.5194,0.7342,0.5508,0.7062,0.6366,7.0228
0.6367,0.6375,0.3557,0.5621,0.6053,0.7925,0.6843,1.0000,0.2240,0.5546,0.5953,0.5480,0.7360,0.5180,0.7125,0.6950,6.8224
0.5888,0.5966,0.3722,0.5501,0.6307,0.6858,0.7539,1.0000,0.2383,0.5714,0.6194,0.5170,0.7665,0.6182,0.6996,0.5987,6.8578
0.7805,0.6268,0.4558,0.6212,0.5351,0.6523,0.7457,1.0000,0.3151,0.5574,0.5614,0.6037,0.7499,0.7243,0.7559,0.6354,6.8422
0.7975,0.5983,0.7050,0.8775,0.5941,0.6136,0.4505,0.2513,1.0000,0.3500,0.6245,0.8154,0.5124,0.3886,0.6698,0.7286,6.7925
0.7010,0.4598,0.5960,0.6400,0.4922,0.5810,0.3304,0.1940,1.0000,0.2246,0.5328,0.6697,0.5533,0.3354,0.6160,0.6472,6.8386
0.7066,0.7710,0.6304,0.7924,0.7418,0.9002,0.5233,0.4355,1.0000,0.5151,0.7049,0.8948,0.7720,0.5921,0.8511,0.9025,6.7544
0.7047,0.7941,0.6119,0.7698,0.7099,0.8629,0.5374,0.4569,1.0000,0.5399,0.6894,0.9178,0.7777,0.6402,0.8855,0.8964,7.0810
0.7997,0.6624,0.6697,0.8945,0.7554,0.7798,0.5315,0.3936,1.0000,0.4820,0.7413,0.8329,0.6252,0.5527,0.7797,0.7806,6.7821
0.4500,0.4715,0.4047,0.5745,0.4345,0.5989,0.5160,0.5701,0.2096,1.0000,0.6833,0.5333,0.3532,0.7265,0.5654,0.4163,6.8158
0.3369,0.4190,0.4639,0.5623,0.2487,0.5212,0.3626,0.3212,0.2032,1.0000,0.6240,0.4721,0.1705,0.6070,0.4667,0.4088,6.8284
0.3735,0.4146,0.4365,0.5580,0.4545,0.4991,0.4507,0.3917,0.1953,1.0000,0.7293,0.4366,0.2248,0.8164,0.5202,0.4061,6.7514
0.2916,0.3748,0.4522,0.5560,0.1569,0.4790,0.3555,0.2950,0.1480,1.0000,0.5670,0.4310,0.1518,0.5707,0.4067,0.3047,6.9415
0.4517,0.4112,0.4928,0.6379,0.3005,0.5881,0.4247,0.4694,0.1613,1.0000,0.6295,0.5517,0.1539,0.6407,0.4349,0.4200,6.7573
0.3432,0.6742,0.3016,0.4145,0.5073,0.1361,0.6111,0.5549,0.5363,0.7133,1.0000,0.4212,0.5393,0.6201,0.6148,0.3199,6.7989
0.3624,0.5379,0.3401,0.4153,0.4639,0.0734,0.5426,0.4348,0.4991,0.6091,1.0000,0.4084,0.3595,0.5552,0.5111,0.2576,6.7567
0.4269,0.5647,0.4296,0.5305,0.5085,0.1413,0.5967,0.5108,0.4997,0.6588,1.0000,0.4531,0.3105,0.5264,0.4978,0.2979,6.7582
0.2809,0.5554,0.3200,0.4056,0.4886,0.0833,0.5294,0.4247,0.4791,0.5915,1.0000,0.3426,0.3936,0.5567,0.5088,0.2202,7.9710
0.2334,0.5453,0.2741,0.3428,0.4516,0.0683,0.4481,0.4172,0.4040,0.5899,1.0000,0.3095,0.4129,0.5086,0.4811,0.1945,7.1477
0.4687,0.5089,0.1508,0.2445,0.2836,0.3050,0.2135,0.1512,0.3729,0.2505,0.2287,1.0000,0.2605,0.4774,0.6895,0.4659,6.9000
0.3887,0.4204,0.1941,0.2145,0.2345,0.2068,0.1878,0.1266,0.3223,0.2797,0.2093,1.0000,0.1669,0.3783,0.5943,0.3851,6.7927
0.6196,0.4918,0.2848,0.3789,0.2598,0.4451,0.4194,0.3186,0.4882,0.3336,0.2114,1.0000,0.2785,0.5699,0.8480,0.4318,6.8685
0.7336,0.5933,0.3741,0.4979,0.3164,0.6333,0.5075,0.3975,0.4929,0.4849,0.2437,1.0000,0.4090,0.6631,0.9101,0.5084,6.9376
1.0000,0.6256,0.5170,0.6162,0.3789,0.7710,0.5823,0.5334,0.6119,0.5448,0.3252,0.9692,0.4978,0.6989,0.9600,0.7545,6.9323
0.6099,0.8339,0.4613,0.5264,0.9671,0.6473,0.4310,0.7404,0.7941,0.5213,0.7317,0.8087,1.0000,0.5658,0.8377,0.9388,6.8754
0.4321,0.5948,0.3137,0.3480,0.7924,0.5478,0.2590,0.5727,0.6175,0.3413,0.6413,0.6629,1.0000,0.4394,0.7515,0.7329,6.8594
0.6889,0.6902,0.4779,0.5463,0.8417,0.7429,0.4086,0.6297,0.7230,0.5308,0.7037,0.8445,1.0000,0.6757,0.9765,0.9656,6.9103
0.6391,0.7491,0.5106,0.5513,0.8941,0.6787,0.4138,0.5908,0.9495,0.5358,0.7384,0.8412,1.0000,0.6452,0.9229,0.9342,6.8483
0.5125,0.6551,0.3966,0.4096,0.8620,0.5859,0.2912,0.6168,0.6781,0.4916,0.6160,0.7574,1.0000,0.5259,0.8094,0.8553,6.8062
0.5392,0.5501,0.3406,0.4458,0.7364,0.6325,0.4916,0.5780,0.4033,0.6869,0.6028,0.7428,0.5444,1.0000,0.7958,0.6893,6.8209
0.5903,0.7989,0.5608,0.6500,0.9959,0.7362,0.6492,0.6661,0.5477,1.0000,0.7550,0.8998,0.6438,0.8592,0.9280,0.8886,6.7979
0.5483,0.5629,0.3276,0.4710,0.5638,0.6419,0.4678,0.5813,0.4542,0.8529,0.6846,0.7581,0.6306,1.0000,0.8493,0.7398,6.7922
0.4546,0.4349,0.1744,0.3580,0.4932,0.4794,0.3862,0.5022,0.2647,0.7137,0.5572,0.6220,0.5275,1.0000,0.6964,0.6307,6.8117
0.6512,0.5617,0.3662,0.5441,0.5621,0.6969,0.5273,0.7202,0.2909,0.9912,0.6881,0.7666,0.5133,1.0000,0.7380,0.6606,6.7806
0.7044,0.8182,0.4460,0.5835,0.3410,0.5480,0.4631,0.4118,0.4725,0.4298,0.6326,1.0000,0.4799,0.5994,0.9960,0.6300,6.8655
0.5511,0.6504,0.2530,0.4364,0.3468,0.4460,0.2916,0.3053,0.3376,0.2158,0.4513,0.7865,0.4311,0.3493,1.0000,0.5497,6.7951
0.6544,0.7438,0.4255,0.6005,0.5648,0.5547,0.5504,0.5375,0.5005,0.4291,0.6578,0.8818,0.5900,0.5942,1.0000,0.6467,6.9053
0.6072,0.6860,0.2848,0.4681,0.5291,0.5385,0.3293,0.4599,0.3604,0.3761,0.5594,0.8533,0.5963,0.4765,1.0000,0.7118,6.7900
0.5151,0.6401,0.1747,0.3857,0.2455,0.4439,0.3693,0.3581,0.3859,0.2294,0.4282,0.7250,0.4700,0.4497,1.0000,0.5460,6.9046
0.6524,0.6940,0.3235,0.4170,0.5664,0.6795,0.2590,0.4566,0.4314,0.5222,0.3811,0.5745,0.6526,0.5766,0.7435,1.0000,6.8032
0.7007,0.6858,0.3759,0.4736,0.5825,0.5917,0.2792,0.3912,0.5273,0.5234,0.4175,0.5609,0.6391,0.5585,0.7463,1.0000,6.7629
0.7528,0.6893,0.3517,0.5112,0.5971,0.6838,0.2892,0.4410,0.6383,0.5726,0.5018,0.5579,0.5396,0.6396,0.7768,1.0000,6.8738
0.5709,0.7369,0.3759,0.5081,0.5855,0.6027,0.2875,0.3751,0.5211,0.5898,0.4454,0.5612,0.6604,0.5546,0.7520,1.0000,6.7860
0.6067,0.7478,0.2842,0.4494,0.5912,0.6547,0.2980,0.5055,0.4064,0.5698,0.3962,0.6503,0.7274,0.5439,0.7290,1.0000,6.8442
0.6914,0.1304,0.1876,1.0000,0.2357,0.1401,0.1544,0.1525,0.1861,0.1499,0.3517,0.1822,0.1802,0.1642,0.1682,0.1090,0.7140
0.6461,0.1191,0.1734,1.0000,0.2212,0.1300,0.1422,0.1403,0.1705,0.1367,0.3309,0.1683,0.1638,0.1496,0.1540,0.1007,0.1566
0.6513,0.1124,0.1681,1.0000,0.2169,0.1239,0.1342,0.1325,0.1593,0.1272,0.3213,0.1599,0.1517,0.1389,0.1459,0.0952,0.1507
0.6549,0.1421,0.2081,1.0000,0.2547,0.1487,0.1615,0.1601,0.2072,0.1616,0.3582,0.2045,0.2025,0.1732,0.1793,0.1157,0.1493
0.7717,0.1648,0.2436,1.0000,0.2842,0.1662,0.1833,0.1813,0.2304,0.1856,0.3936,0.2304,0.2261,0.1989,0.2030,0.1289,0.1486
0.1282,1.0000,0.2264,0.1090,0.1363,0.1307,0.1524,0.2188,0.0919,0.1544,0.1300,0.1230,0.1043,0.1694,0.1442,0.1292,0.1716
0.1291,1.0000,0.2069,0.1092,0.1257,0.1238,0.1514,0.1943,0.0965,0.1636,0.1233,0.1190,0.1108,0.1806,0.1451,0.1241,0.1500
0.0854,1.0000,0.1337,0.0731,0.0862,0.0907,0.1068,0.1339,0.0701,0.1190,0.0825,0.0852,0.0812,0.1285,0.1049,0.0968,0.1495
0.0935,1.0000,0.1597,0.0789,0.0976,0.0992,0.1137,0.1501,0.0704,0.1149,0.0911,0.0879,0.0800,0.1265,0.1121,0.1000,0.1509
0.0770,1.0000,0.1314,0.0651,0.0805,0.0813,0.0942,0.1250,0.0576,0.0960,0.0757,0.0729,0.0659,0.1049,0.0892,0.0819,0.1484
0.0915,0.0836,1.0000,0.0685,0.1016,0.0517,0.0540,0.0710,0.0368,0.0485,0.0887,0.0605,0.0382,0.0523,0.0616,0.0424,0.1754
0.1441,0.1395,1.0000,0.1071,0.1522,0.0815,0.0880,0.1145,0.0584,0.0800,0.1379,0.0956,0.0609,0.0864,0.0981,0.0674,0.1594
0.2286,0.1751,1.0000,0.1652,0.2391,0.1151,0.1208,0.1565,0.0843,0.1076,0.2140,0.1349,0.0871,0.1173,0.1383,0.0923,0.1537
0.2067,0.2780,1.0000,0.1591,0.2270,0.1341,0.1436,0.1899,0.0960,0.1373,0.2013,0.1629,0.1020,0.1461,0.1740,0.1180,0.1539
0.1310,0.1147,1.0000,0.0967,0.1486,0.0733,0.0754,0.0991,0.0511,0.0667,0.1261,0.0832,0.0532,0.0724,0.0860,0.0593,0.1526
0.5031,0.1735,0.2259,1.0000,0.2987,0.2256,0.2481,0.2287,0.3867,0.2406,0.4364,0.2751,0.3412,0.2553,0.2425,0.1826,0.1520
0.4677,0.1520,0.2037,1.0000,0.2655,0.1933,0.2126,0.1977,0.3222,0.2061,0.3875,0.2406,0.2838,0.2197,0.2102,0.1552,0.1500
0.5240,0.0969,0.1484,1.0000,0.1779,0.1056,0.1208,0.1199,0.1270,0.1098,0.2848,0.1275,0.1205,0.1201,0.1162,0.0791,0.1482
0.3167,0.0691,0.1022,1.0000,0.1323,0.0809,0.0918,0.0891,0.1007,0.0829,0.2212,0.0991,0.0926,0.0902,0.0877,0.0614,0.1489
0.5677,0.2068,0.2697,1.0000,0.3505,0.2753,0.3012,0.2698,0.5038,0.2977,0.4864,0.3367,0.4284,0.3112,0.2930,0.2271,0.1488
0.3623,0.1657,0.3004,0.3292,1.0000,0.1869,0.1657,0.2159,0.1431,0.1367,0.8137,0.2326,0.1406,0.1473,0.1987,0.1424,0.1452
0.1842,0.1200,0.2179,0.1659,1.0000,0.1503,0.1113,0.1475,0.0910,0.0857,0.2560,0.1428,0.0893,0.0918,0.1403,0.1133,0.1448
0.2345,0.1150,0.2072,0.2142,1.0000,0.1311,0.1109,0.1462,0.0986,0.0911,0.4446,0.1602,0.0972,0.0983,0.1397,0.1003,0.1465
0.1363,0.0760,0.1369,0.1231,1.0000,0.0961,0.0738,0.0968,0.0626,0.0571,0.1994,0.0935,0.0613,0.0621,0.0919,0.0709,0.1441
0.2212,0.1142,0.2074,0.2020,1.0000,0.1279,0.1081,0.1440,0.0960,0.0890,0.4199,0.1613,0.0944,0.0958,0.1395,0.0991,0.1456
0.1531,0.1708,0.1736,0.1562,0.2241,1.0000,0.2461,0.2792,0.1518,0.1459,0.1785,0.1299,0.1465,0.1573,0.1689,0.3277,0.1457
0.0958,0.1076,0.1059,0.0983,0.1340,1.0000,0.1681,0.1803,0.0992,0.0965,0.1106,0.0810,0.0953,0.1043,0.1056,0.2211,0.1453
0.0794,0.0880,0.0812,0.0833,0.0989,1.0000,0.1788,0.1551,0.0937,0.0926,0.0900,0.0676,0.0880,0.1006,0.0870,0.2103,0.1453
0.0719,0.0767,0.0734,0.0755,0.0913,1.0000,0.1440,0.1320,0.0822,0.0777,0.0809,0.0591,0.0774,0.0845,0.0769,0.1705,0.1435
0.0588,0.0633,0.0605,0.0613,0.0738,1.0000,0.1244,0.1130,0.0648,0.0640,0.0661,0.0474,0.0612,0.0702,0.0618,0.1318,0.1451
0.0864,0.1119,0.0890,0.0860,0.0833,0.1807,1.0000,0.1746,0.0975,0.1541,0.0888,0.0712,0.0929,0.1727,0.0866,0.1510,0.1486
0.0911,0.1195,0.0938,0.0910,0.0874,0.1836,1.0000,0.1851,0.1052,0.1690,0.0942,0.0768,0.1002,0.1899,0.0922,0.1598,0.1467
0.0761,0.0928,0.0761,0.0765,0.0726,0.1602,1.0000,0.1513,0.0856,0.1280,0.0780,0.0605,0.0813,0.1450,0.0746,0.1256,0.1468
0.1058,0.1255,0.1051,0.1068,0.1029,0.2430,1.0000,0.2119,0.1174,0.1671,0.1091,0.0826,0.1117,0.1883,0.1028,0.1772,0.1464
0.0793,0.0926,0.0769,0.0803,0.0741,0.1601,1.0000,0.1523,0.0894,0.1304,0.0806,0.0615,0.0850,0.1487,0.0760,0.1229,0.1453
0.2730,0.5345,0.3710,0.2683,0.3619,0.6744,0.5216,1.0000,0.2787,0.3787,0.3268,0.2925,0.2901,0.4121,0.3659,0.6550,0.1494
0.1752,0.2839,0.2523,0.1697,0.2368,0.3331,0.2827,1.0000,0.1468,0.1879,0.2166,0.1613,0.1495,0.2187,0.1943,0.2513,0.1501
0.1916,0.3270,0.2628,0.1888,0.2621,0.4108,0.3206,1.0000,0.1780,0.2215,0.2385,0.1896,0.1818,0.2546,0.2450,0.3313,0.1499
0.3523,0.7266,0.4556,0.3345,0.4213,0.7621,0.7130,1.0000,0.3352,0.5214,0.3904,0.3395,0.3638,0.5559,0.4315,0.7085,0.1528
0.4011,0.7852,0.4937,0.3899,0.4840,0.8737,0.7523,1.0000,0.4226,0.6237,0.4489,0.4206,0.4659,0.6421,0.5344,0.9385,0.1771
0.1133,0.0830,0.0747,0.1405,0.0901,0.1100,0.1235,0.1036,1.0000,0.1371,0.1116,0.1168,0.3319,0.1438,0.1181,0.1167,0.2071
0.0967,0.0708,0.0640,0.1200,0.0778,0.0944,0.1066,0.0903,1.0000,0.1143,0.0973,0.0991,0.2826,0.1217,0.1029,0.0988,0.1996
0.2755,0.2660,0.2049,0.3124,0.2078,0.2785,0.3434,0.2719,1.0000,0.4550,0.2545,0.3061,0.8362,0.4463,0.3205,0.3320,0.1958
0.2914,0.2891,0.2208,0.3284,0.2193,0.3017,0.3715,0.2924,1.0000,0.4855,0.2667,0.3182,0.8585,0.4781,0.3413,0.3593,0.1971
0.2163,0.1915,0.1532,0.2520,0.1685,0.2261,0.2634,0.2099,1.0000,0.3227,0.2034,0.2342,0.6879,0.3218,0.2463,0.2621,0.1956
0.0933,0.1222,0.0854,0.0948,0.0750,0.1029,0.1928,0.1318,0.1151,1.0000,0.0924,0.0970,0.1260,0.3161,0.0881,0.1153,0.1977
0.0876,0.1137,0.0790,0.0882,0.0664,0.0866,0.1518,0.1059,0.1150,1.0000,0.0824,0.0945,0.1262,0.2654,0.0836,0.1010,0.1968
0.0774,0.1082,0.0722,0.0777,0.0602,0.0791,0.1374,0.1000,0.1020,1.0000,0.0742,0.0863,0.1121,0.2557,0.0777,0.0939,0.1906
0.0474,0.0620,0.0432,0.0477,0.0365,0.0487,0.0882,0.0598,0.0608,1.0000,0.0452,0.0504,0.0663,0.1485,0.0451,0.0562,0.1748
0.0800,0.1055,0.0731,0.0797,0.0606,0.0778,0.1398,0.0976,0.0995,1.0000,0.0751,0.0845,0.1086,0.2540,0.0752,0.0893,0.1786
0.2539,0.0963,0.1466,0.2782,0.2277,0.1051,0.1126,0.1311,0.1084,0.1024,1.0000,0.1698,0.1047,0.1085,0.1186,0.0857,0.1780
0.1460,0.0516,0.0819,0.1592,0.1399,0.0575,0.0587,0.0701,0.0573,0.0520,1.0000,0.0864,0.0553,0.0559,0.0647,0.0455,0.1785
0.1930,0.0645,0.1038,0.2097,0.1780,0.0731,0.0744,0.0882,0.0718,0.0647,1.0000,0.1028,0.0692,0.0700,0.0807,0.0569,0.1818
0.1247,0.0453,0.0718,0.1353,0.1238,0.0502,0.0511,0.0616,0.0494,0.0456,1.0000,0.0764,0.0481,0.0487,0.0563,0.0399,0.1894
0.0956,0.0355,0.0569,0.0998,0.0956,0.0385,0.0397,0.0478,0.0377,0.0354,1.0000,0.0600,0.0365,0.0378,0.0439,0.0308,0.1864
0.0713,0.0565,0.0664,0.0714,0.0786,0.0452,0.0478,0.0556,0.0565,0.0586,0.0946,1.0000,0.0565,0.0544,0.0709,0.0504,0.2074
0.1000,0.0809,0.0907,0.1016,0.1053,0.0646,0.0711,0.0816,0.0849,0.0883,0.1333,1.0000,0.0838,0.0832,0.1025,0.0728,0.1594
0.1010,0.0863,0.0947,0.1009,0.1032,0.0648,0.0728,0.0808,0.0870,0.0956,0.1257,1.0000,0.0875,0.0864,0.1027,0.0754,0.1668
0.1655,0.1320,0.1495,0.1696,0.1697,0.1019,0.1092,0.1234,0.1441,0.1437,0.2030,1.0000,0.1483,0.1297,0.1600,0.1171,0.1620
0.2229,0.1954,0.2123,0.2170,0.2219,0.1352,0.1503,0.1651,0.1903,0.2048,0.2547,1.0000,0.1951,0.1846,0.2287,0.1609,0.1524
0.3078,0.3444,0.2524,0.3403,0.2472,0.2962,0.3607,0.3196,0.7636,0.5349,0.2991,0.4054,1.0000,0.4826,0.3777,0.3730,0.1608
0.2577,0.2532,0.1962,0.2929,0.1996,0.2414,0.2934,0.2567,0.7837,0.3917,0.2449,0.2904,1.0000,0.3844,0.2997,0.2794,0.1537
0.3431,0.3216,0.2640,0.3896,0.2720,0.3191,0.4041,0.3568,1.0000,0.5063,0.3420,0.4048,0.8229,0.5356,0.4254,0.3676,0.1627
0.2782,0.2622,0.2082,0.3155,0.2101,0.2598,0.3294,0.2733,1.0000,0.4217,0.2611,0.2996,0.9229,0.4299,0.3243,0.2968,0.1537
0.3401,0.3374,0.2643,0.3830,0.2635,0.3086,0.3881,0.3400,0.9959,0.5376,0.3284,0.4147,1.0000,0.5303,0.4134,0.3685,0.1527
0.1973,0.2987,0.1893,0.1929,0.1512,0.1995,0.3395,0.2621,0.2671,0.7408,0.1827,0.2054,0.2761,1.0000,0.2180,0.2332,0.1501
0.2498,0.3723,0.2385,0.2520,0.1963,0.2569,0.3963,0.3188,0.3677,1.0000,0.2385,0.2947,0.4220,0.7172,0.2598,0.3177,0.1503
0.2672,0.3212,0.2270,0.2714,0.1925,0.2509,0.4197,0.3168,0.3568,0.8560,0.2395,0.2398,0.3993,1.0000,0.2401,0.2656,0.1514
0.1639,0.2097,0.1451,0.1640,0.1208,0.1592,0.2768,0.2094,0.2104,0.5669,0.1490,0.1498,0.2233,1.0000,0.1549,0.1698,0.1485
0.1795,0.2432,0.1636,0.1781,0.1349,0.1763,0.3152,0.2340,0.2180,1.0000,0.1662,0.1729,0.2395,0.8772,0.1682,0.1927,0.1479
0.2014,0.2452,0.2333,0.1877,0.2361,0.2051,0.1851,0.2231,0.2012,0.1828,0.2170,0.2548,0.1875,0.1981,1.0000,0.2312,0.1575
0.1715,0.1723,0.1686,0.1628,0.1777,0.1506,0.1443,0.1626,0.1798,0.1449,0.1763,0.1989,0.1610,0.1613,1.0000,0.1630,0.1584
0.2752,0.2553,0.2471,0.2710,0.2729,0.2435,0.2325,0.2507,0.3352,0.2294,0.2765,0.3000,0.2869,0.2611,1.0000,0.2599,0.1594
0.2332,0.2033,0.2144,0.2210,0.2307,0.1870,0.1770,0.1988,0.2330,0.1699,0.2294,0.2280,0.2030,0.1974,1.0000,0.1882,0.1564
0.2009,0.2276,0.2089,0.1904,0.2134,0.1996,0.1888,0.2119,0.2172,0.1885,0.2066,0.2337,0.1998,0.2057,1.0000,0.2218,0.1606
0.1956,0.3650,0.2636,0.1895,0.2751,0.6139,0.3813,0.4544,0.2309,0.2769,0.2318,0.2298,0.2332,0.2874,0.2991,1.0000,0.1479
0.1859,0.3527,0.2509,0.1796,0.2596,0.5566,0.3601,0.4211,0.2255,0.2682,0.2194,0.2231,0.2271,0.2777,0.2951,1.0000,0.1471
0.0946,0.1637,0.1185,0.0954,0.1295,0.2809,0.1878,0.1953,0.1338,0.1505,0.1131,0.1241,0.1343,0.1480,0.1488,1.0000,0.1482
0.2595,0.5684,0.3816,0.2429,0.3570,0.6724,0.5042,0.5943,0.2929,0.3845,0.3001,0.3099,0.2963,0.3961,0.4015,1.0000,0.1511
0.2784,0.5590,0.3996,0.2632,0.3943,0.8003,0.5308,0.6811,0.2968,0.3774,0.3278,0.3141,0.3011,0.3972,0.4117,1.0000,0.1488
1.0000,0.6095,0.7226,0.7698,0.5108,0.6816,0.6070,0.6940,0.3670,0.5492,0.9854,0.5550,0.4369,0.4867,0.7728,0.5226,6.9640
1.0000,0.5893,0.6986,0.8096,0.4886,0.6916,0.6156,0.6531,0.3478,0.5323,0.9090,0.5254,0.4007,0.4372,0.7077,0.4695,7.1554
1.0000,0.5672,0.7125,0.8479,0.4815,0.6618,0.6731,0.6458,0.3216,0.5288,0.8864,0.5340,0.3845,0.4330,0.7033,0.4868,6.7963
0.8861,0.6401,0.7375,0.8582,0.5342,0.5485,0.5756,0.5936,0.4217,0.5113,1.0000,0.6119,0.4648,0.4570,0.8437,0.5913,6.8611
0.8163,0.6962,0.5822,0.8012,0.4366,0.4004,0.5839,0.5766,0.3671,0.4981,1.0000,0.5991,0.4565,0.4973,0.8611,0.5851,6.8420
0.2256,1.0000,0.3128,0.1534,0.2175,0.2189,0.3639,0.6143,0.2570,0.2111,0.6807,0.6549,0.2860,0.4222,0.8237,0.5713,6.9061
0.3352,1.0000,0.4748,0.1780,0.3256,0.3735,0.4555,0.7058,0.3467,0.3268,0.6259,0.7400,0.3923,0.5033,0.7749,0.6499,6.8534
0.1889,1.0000,0.3769,0.1094,0.1976,0.3030,0.3654,0.6711,0.2708,0.2699,0.4777,0.6428,0.3089,0.4708,0.7296,0.5696,6.7691
0.2992,1.0000,0.4124,0.2319,0.2830,0.2165,0.4400,0.5200,0.2779,0.1315,0.6487,0.7051,0.2970,0.3385,0.7664,0.5763,6.8125
0.2808,1.0000,0.4336,0.1417,0.2588,0.2257,0.3820,0.6092,0.3030,0.1740,0.6442,0.6182,0.3303,0.3748,0.7924,0.6325,6.7862
0.6059,0.4568,1.0000,0.6476,0.5466,0.5197,0.4989,0.4154,0.6022,0.0324,0.3560,0.4595,0.3626,0.1049,0.5172,0.4971,6.8539
0.6809,0.4857,1.0000,0.7136,0.5865,0.5955,0.5723,0.4758,0.6072,0.0793,0.4346,0.5849,0.4122,0.1350,0.5418,0.5367,6.9178
0.6498,0.4178,1.0000,0.7218,0.5669,0.5522,0.5054,0.4760,0.5860,0.0605,0.3855,0.5975,0.3707,0.1077,0.5469,0.5177,6.7823
0.7473,0.6399,1.0000,0.7324,0.7246,0.6831,0.6505,0.6076,0.7223,0.1626,0.5257,0.6921,0.6282,0.2685,0.7333,0.7160,7.2281
0.6813,0.4244,1.0000,0.7523,0.5739,0.5972,0.5335,0.4641,0.6149,0.0829,0.3942,0.5726,0.3773,0.1177,0.5459,0.4942,6.7901
0.6203,0.3143,0.7545,1.0000,0.3614,0.4304,0.6546,0.3760,0.4330,0.1910,0.4415,0.2993,0.1645,0.0996,0.4571,0.2820,6.8750
0.6847,0.2916,0.8346,1.0000,0.3884,0.4613,0.6094,0.4148,0.4627,0.1820,0.4435,0.3731,0.2504,0.1365,0.4579,0.4144,6.7715
0.8112,0.4518,0.9452,1.0000,0.5403,0.5797,0.6551,0.4970,0.6383,0.2105,0.5204,0.5333,0.4052,0.1917,0.5479,0.5358,6.8968
0.6525,0.3035,0.8799,1.0000,0.4432,0.4751,0.6813,0.4405,0.5392,0.2099,0.4469,0.3513,0.2405,0.1572,0.4754,0.3603,6.8697
0.7348,0.3205,0.8293,1.0000,0.3990,0.4458,0.5914,0.4199,0.3870,0.1733,0.4819,0.3959,0.1972,0.1583,0.4644,0.4188,6.7756
1.0000,0.6632,0.7684,0.6841,0.8281,0.7785,0.5666,0.9290,0.7278,0.4059,0.8981,0.6513,0.7333,0.4007,0.6896,0.7477,6.8864
0.5554,0.5261,0.7436,0.5009,1.0000,0.5470,0.3526,0.4786,0.9437,0.1654,0.4304,0.6016,0.8780,0.2230,0.6027,0.7245,6.7721
0.9731,0.6454,0.7749,0.6599,1.0000,0.8024,0.5232,0.8473,0.8458,0.3848,0.8970,0.7052,0.8225,0.4778,0.7205,0.7997,6.8933
0.5516,0.4417,0.6848,0.4406,1.0000,0.5380,0.3293,0.4272,0.9328,0.1227,0.4045,0.5348,0.8628,0.1254,0.5357,0.7012,6.7981
1.0000,0.6434,0.6874,0.6168,0.8784,0.7051,0.4491,0.8644,0.7499,0.4687,0.9570,0.6624,0.7463,0.5746,0.6939,0.7442,6.8405
0.4952,0.1502,0.3981,0.0902,0.3047,1.0000,0.4021,0.6081,0.1926,0.1101,0.1486,0.5343,0.3067,0.2409,0.4002,0.4321,6.8404
0.4843,0.1062,0.3922,0.0852,0.2814,1.0000,0.3890,0.5915,0.1780,0.0694,0.1017,0.5047,0.2698,0.2508,0.3633,0.4495,6.7599
0.5511,0.1824,0.4308,0.1918,0.4130,1.0000,0.4260,0.5751,0.3003,0.1384,0.1289,0.5268,0.3644,0.2440,0.4667,0.5871,6.8187
0.5604,0.1576,0.4889,0.2178,0.2878,1.0000,0.4460,0.5916,0.2305,0.1196,0.1378,0.4970,0.2367,0.2167,0.3806,0.4953,6.7722
0.5541,0.1346,0.4876,0.2191,0.1633,1.0000,0.5006,0.6000,0.1216,0.2397,0.1106,0.4351,0.1377,0.2186,0.2520,0.4018,6.7970
0.3401,0.5378,0.7090,0.6538,0.2851,0.6390,1.0000,0.5213,0.3442,0.6103,0.3173,0.4998,0.1723,0.4606,0.5359,0.3500,6.9468
0.2679,0.5640,0.6790,0.6547,0.3052,0.6377,1.0000,0.5065,0.3483,0.6208,0.3066,0.5240,0.1783,0.4915,0.5583,0.3680,6.8175
0.2626,0.4878,0.6134,0.6275,0.2036,0.5527,1.0000,0.4930,0.2518,0.5910,0.2778,0.4620,0.1158,0.4145,0.4781,0.2553,6.8339
0.2724,0.4285,0.5694,0.5798,0.1491,0.5537,1.0000,0.5136,0.1996,0.5925,0.2785,0.4555,0.0825,0.4076,0.4439,0.2453,6.8003
0.3111,0.4788,0.5801,0.6350,0.1905,0.5990,1.0000,0.5702,0.2250,0.6307,0.3451,0.5351,0.1503,0.4574,0.5230,0.2990,6.9059
0.5087,0.9253,0.4313,0.2629,0.4048,0.7276,0.5528,1.0000,0.4550,0.5072,0.7690,0.7244,0.5698,0.5604,0.7924,0.6817,6.8676
0.5768,0.8182,0.5172,0.2767,0.5334,0.7262,0.4832,1.0000,0.5633,0.3397,0.7630,0.6347,0.7191,0.3842,0.6987,0.7217,6.8290
0.4907,0.8673,0.2685,0.2494,0.3211,0.5559,0.3708,1.0000,0.3482,0.3900,0.7989,0.5756,0.5430,0.4357,0.7262,0.5518,6.8648
0.5714,0.9004,0.5921,0.2855,0.4510,0.6796,0.6353,1.0000,0.4897,0.2977,0.7474,0.6968,0.5752,0.5361,0.7795,0.6742,6.8290
0.5269,1.0000,0.4920,0.3864,0.3367,0.5738,0.6653,0.9166,0.3971,0.4801,0.9122,0.7619,0.4581,0.5483,0.9306,0.6445,6.8826
0.7068,0.6418,0.8906,0.6573,0.9255,0.6718,0.6161,0.6478,1.0000,0.2509,0.5744,0.4990,0.6969,0.2322,0.5355,0.6691,6.7704
0.6169,0.5327,0.6851,0.4911,0.7695,0.5340,0.4326,0.4704,1.0000,0.1306,0.5483,0.4449,0.7388,0.1509,0.4282,0.6576,6.7776
0.6033,0.5032,0.7766,0.5529,0.9588,0.6187,0.4537,0.5149,1.0000,0.1754,0.4753,0.5240,0.8235,0.1296,0.5385,0.7598,6.8544
0.6107,0.5186,0.7738,0.5365,0.9954,0.6157,0.4381,0.4974,1.0000,0.1935,0.4756,0.5521,0.8813,0.1490,0.5664,0.7687,6.7835
0.7448,0.5276,0.8816,0.6766,1.0000,0.7656,0.5639,0.6489,0.9409,0.2441,0.5694,0.5708,0.7651,0.1857,0.5820,0.7945,6.8114
0.3136,0.4714,0.1340,0.2377,0.0918,0.4318,0.6726,0.5140,0.0650,1.0000,0.5891,0.4842,0.1479,0.8386,0.4867,0.2310,6.7866
0.3168,0.3755,0.1550,0.2357,0.0650,0.4307,0.7073,0.5315,0.0453,1.0000,0.5750,0.4964,0.1301,0.7230,0.4493,0.1887,6.7652
0.3204,0.4350,0.1849,0.3000,0.0945,0.4660,0.7467,0.5608,0.0738,1.0000,0.6281,0.4776,0.1503,0.8636,0.4760,0.2273,6.9280
0.3463,0.4318,0.1767,0.2491,0.0958,0.4461,0.6986,0.5564,0.0567,1.0000,0.6116,0.5136,0.1350,0.7383,0.4645,0.1842,6.7694
0.3705,0.4176,0.2319,0.3361,0.1412,0.5285,0.7962,0.5825,0.0956,1.0000,0.6297,0.5563,0.1975,0.7756,0.4803,0.2290,7.0199
0.4804,0.6472,0.2908,0.2475,0.2914,0.1920,0.3769,0.5229,0.1570,0.6189,1.0000,0.4242,0.4679,0.5924,0.7616,0.3809,6.7628
0.5281,0.5859,0.3434,0.3619,0.3469,0.1732,0.4346,0.4712,0.1770,0.6621,1.0000,0.4785,0.4470,0.5931,0.7425,0.3630,7.2208
0.5329,0.5062,0.2999,0.3574,0.2447,0.1223,0.3794,0.4387,0.1404,0.5240,1.0000,0.3255,0.3186,0.4210,0.6644,0.2531,7.6975
0.4729,0.4646,0.1675,0.1948,0.1984,0.1626,0.2557,0.4169,0.0386,0.4237,1.0000,0.2538,0.3349,0.3694,0.5725,0.2452,7.1704
0.4747,0.4543,0.2185,0.1945,0.1929,0.1529,0.2408,0.4605,0.0513,0.4130,1.0000,0.2429,0.3336,0.3650,0.5593,0.2366,6.9711
0.4299,0.5740,0.4274,0.1028,0.3805,0.5393,0.3970,0.7183,0.2600,0.3910,0.4162,1.0000,0.6267,0.3891,0.6323,0.5471,6.7853
0.4543,0.6091,0.4675,0.1297,0.3560,0.6221,0.4336,0.7084,0.2177,0.4488,0.4110,1.0000,0.5643,0.4362,0.6422,0.5468,7.0131
0.7169,0.6148,0.6159,0.3317,0.4513,0.8046,0.5775,0.8165,0.2847,0.5116,0.5077,1.0000,0.5915,0.5657,0.7554,0.6812,6.7950
0.9328,0.7204,0.7519,0.6041,0.5237,0.9078,0.7366,0.9052,0.3703,0.7277,0.7516,1.0000,0.6515,0.7755,0.8173,0.8330,6.8299
0.7744,0.5971,0.8252,0.4999,0.6141,1.0000,0.6543,0.7341,0.4756,0.3751,0.3588,0.8911,0.7299,0.4969,0.8806,0.8787,6.8879
0.5877,0.5860,0.5739,0.3621,0.8056,0.6489,0.4257,0.6373,0.8156,0.2248,0.5864,0.7774,1.0000,0.3486,0.6934,0.8220,6.8502
0.6382,0.5897,0.6536,0.4456,0.9478,0.6208,0.4101,0.6093,0.9049,0.2314,0.6222,0.7261,1.0000,0.2805,0.7090,0.8395,6.8196
0.6709,0.6790,0.7122,0.4523,0.9573,0.6467,0.5118,0.7492,0.9367,0.3546,0.6769,0.8061,1.0000,0.4319,0.7689,0.9219,6.8403
0.5872,0.5857,0.6999,0.4488,0.9049,0.5378,0.3621,0.5785,0.9591,0.2353,0.5111,0.6790,1.0000,0.2772,0.6267,0.8700,6.8756
0.7083,0.7003,0.7188,0.4779,0.9427,0.6960,0.4999,0.7479,0.9617,0.3424,0.6312,0.8365,1.0000,0.4498,0.7681,0.9447,6.8620
0.3792,0.5902,0.2547,0.2002,0.1973,0.6090,0.6110,0.6534,0.1115,0.8292,0.6254,0.5206,0.2951,1.0000,0.5128,0.4402,6.8071
0.4246,0.7077,0.3407,0.5017,0.3484,0.6013,0.7673,0.6919,0.2533,0.9916,0.7311,0.6885,0.4273,1.0000,0.6913,0.4654,6.9203
0.4381,0.7259,0.3393,0.4023,0.2750,0.5686,0.6770,0.6889,0.1799,0.9445,0.7047,0.6857,0.4044,1.0000,0.6436,0.4809,6.8491
0.3263,0.6231,0.2690,0.2755,0.1690,0.5541,0.5878,0.6723,0.1174,0.8690,0.6013,0.5720,0.2663,1.0000,0.5364,0.3768,6.8867
0.3277,0.5739,0.2235,0.2324,0.1774,0.6221,0.6671,0.6153,0.1494,0.9298,0.5765,0.5700,0.2525,1.0000,0.4745,0.3614,6.9115
0.4709,1.0000,0.5108,0.3238,0.5172,0.5405,0.5576,0.7231,0.3060,0.3588,0.5965,0.8348,0.6711,0.4033,0.9937,0.6845,6.7974
0.4861,0.9031,0.5577,0.3296,0.4866,0.4876,0.5121,0.6368,0.3154,0.2302,0.6625,0.7425,0.5986,0.2417,1.0000,0.6641,6.9110
0.7833,0.9781,0.6847,0.4749,0.5201,0.7918,0.7266,0.8663,0.3667,0.4753,0.8332,0.9950,0.6980,0.5041,1.0000,0.8632,6.7988
0.4551,0.9690,0.4986,0.2484,0.4280,0.5295,0.4974,0.6989,0.2235,0.3013,0.6296,0.7440,0.5936,0.3427,1.0000,0.7076,6.9177
0.4320,0.9431,0.5455,0.3247,0.6147,0.4477,0.5498,0.6111,0.3786,0.2595,0.6021,0.7392,0.6283,0.3119,1.0000,0.6795,6.8026
0.7958,0.7075,0.7096,0.4661,0.8011,0.7371,0.4513,0.7768,0.8152,0.2638,0.8058,0.7697,0.8306,0.4090,0.8093,1.0000,6.7623
0.8322,0.7796,0.7429,0.5290,0.8308,0.7192,0.5096,0.7590,0.8444,0.3006,0.8567,0.8205,0.8522,0.4211,0.8183,1.0000,6.8985
0.6478,0.7006,0.6406,0.3624,0.6485,0.6291,0.3586,0.6026,0.6877,0.1626,0.5988,0.7108,0.7313,0.3103,0.7360,1.0000,6.7699
0.7793,0.8130,0.8168,0.5781,0.8050,0.7084,0.5309,0.7040,0.8680,0.2508,0.7991,0.7820,0.8549,0.3891,0.8213,1.0000,6.8924
0.7792,0.6866,0.7472,0.4620,0.8539,0.7446,0.4476,0.7621,0.8719,0.2576,0.8168,0.7523,0.8798,0.3950,0.7996,1.0000,6.7776
